{"cameraMode":{"drawMode":0,"name":"Shaded","section":"Shading Mode"},"sceneLighting":true,"audioPlay":false,"sceneViewState":{"showFog":true,"showMaterialUpdate":false,"showSkybox":true,"showFlares":true,"showImageEffects":true,"showParticleSystems":true},"in2DMode":false,"pivot":{"x":11.088379859924317,"y":1.7288336753845215,"z":-3.830620288848877},"rotation":{"x":0.07539830356836319,"y":0.682330310344696,"z":-0.07108552008867264,"w":0.7236793637275696},"size":24.668134689331056,"orthographic":false}