{"cameraMode":{"drawMode":0,"name":"Shaded","section":"Shading Mode"},"sceneLighting":true,"audioPlay":false,"sceneViewState":{"showFog":true,"showMaterialUpdate":false,"showSkybox":true,"showFlares":true,"showImageEffects":true,"showParticleSystems":true},"in2DMode":false,"pivot":{"x":4.573940277099609,"y":-0.5177860260009766,"z":5.092805862426758},"rotation":{"x":0.2305983155965805,"y":-0.3945530951023102,"z":0.10298115015029907,"w":0.8835020065307617},"size":18.515897750854493,"orthographic":false}